回答,卒業年・回,所属クラブ名,野球,卓球,陸上,ラグビー,テニス,柔道,バスケットボール,剣道,弓道,ホッケー,馬術,サッカー,水泳,バドミントン,アーチェリー,ゴルフ,バレー,ワンダーフォーゲル,生物研究,物理研究,化学研究,数学研究,ブラスアンサンブル,美術,鉄道研究,器楽,囲碁将棋,書道,放送,ESS,クラシック同好,応援団,なし,会費支払方法,"キャンパス
ツアー申込",送迎バス,登録日時
参加,旧制卒,卓球部,　,　,　,　,　,　,　,　,　,　,　,　,　,　,　,　,　,　,　,　,　,　,　,　,　,　,　,　,　,　,　,　,　,,参加しない,利用する,26ハガキ
参加,昭和27年1952年2回卒,バスケットボール部,　,　,　,　,　,　,　,　,　,　,　,　,　,　,　,　,　,　,　,　,　,　,　,　,　,　,　,　,　,　,　,　,　,銀行振込等,参加しない,利用しない,24ハガキ
参加,昭和31年1956年6回卒,バスケットボール部,　,　,　,　,　,　,　,　,　,　,　,　,　,　,　,　,　,　,　,　,　,　,　,　,　,　,　,　,　,　,　,　,　,,参加する,利用する,21ハガキ
参加,昭和31年1956年6回卒,人文科学研究班,　,　,　,　,　,　,　,　,　,　,　,　,　,　,　,　,　,　,　,　,　,　,　,　,　,　,　,　,　,　,　,　,　,,参加しない,利用しない,8ハガキ
参加,昭和35年1960年10回卒,卓球部,　,　,　,　,　,　,　,　,　,　,　,　,　,　,　,　,　,　,　,　,　,　,　,　,　,　,　,　,　,　,　,　,　,,参加しない,利用しない,15ハガキ
参加 ,昭和36年1961年11回卒 ,バスケットボール部, , , , , , ,● , , , , , , , , , , , , , , , , , , , , , , , , , , ,オンライン決済,参加しない ,利用する ,2026-03-26 17:06:41
参加,昭和36年1961年11回卒,KSWL,　,　,　,　,　,　,　,　,　,　,　,　,　,　,　,　,　,　,　,　,　,　,　,　,　,　,　,　,　,　,　,　,　,,参加しない,,7ハガキ
参加,昭和38年1963年13回卒,テニス部 ,　,　,　,　,　,　,　,　,　,　,　,　,　,　,　,　,　,　,　,　,　,　,　,　,　,　,　,　,　,　,　,　,　,,参加しない,利用しない,10ハガキ
参加 ,昭和40年1965年15回卒 ,KSWL , , , , , , , , , , , , , , , , ,● , , , , , , , , , , , , , , , , ,オンライン決済,参加しない ,利用する ,2026-03-18 09:09:09
参加 ,昭和40年1965年15回卒 ,バスケットボール部 , , , , , , ,● , , , , , , , , , , , , , , , , , , , , , , , , , , ,オンライン決済,参加しない ,利用する ,2026-03-24 09:12:18
参加,昭和40年1965年15回卒,生物研究部,　,　,　,　,　,　,　,　,　,　,　,　,　,　,　,　,　,　,　,　,　,　,　,　,　,　,　,　,　,　,　,　,　,,参加する,利用する,4ハガキ
参加 ,昭和42年1967年17回卒 ,無線部, , , , , , , , , , , , , , , , , ,● , , , , , , , , , , , , , , , ,銀行振込等,参加する ,利用しない ,2026-05-08 18:26:29
参加 ,昭和42年1967年17回卒 ,バスケットボール部, , , , , , ,● , , , , , , , , , , , , , , , , , , , , , , , , , , ,銀行振込等,参加しない ,利用する ,2026-03-24 10:40:08
参加 ,昭和42年1967年17回卒 ,弓道部 , , , , , , , , ,● , , , , , , , , , , , , , , , , , , , , , , , , ,オンライン決済,参加しない ,利用しない ,2026-05-10 08:17:26
参加 ,昭和44年1969年19回卒 , , , , , , , , , , , , , , , , , , , , , , , , , ,● , , , , , , , , ,オンライン決済,参加する ,利用する ,2026-05-02 15:31:35
参加 ,昭和46年1971年21回卒 ,陸上部, , ,● , , , , , , , , , , , , , , , , , , , , , , , , , , , , , , ,オンライン決済,参加しない ,利用しない ,2026-04-14 11:42:04
参加 ,昭和46年1971年21回卒 , , , , , , , , , , , , , , , , , , , , , , , ,● , , , , , , , , , , ,オンライン決済,参加しない ,利用しない ,2026-04-02 11:12:15
参加 ,昭和47年1972年22回卒 , , , , , , , , , , , , , , , , , , , , , , , , , , , , , , , , , ,● ,オンライン決済,参加しない ,利用しない ,2026-04-02 18:20:43
参加,昭和47年1972年22回卒,陸上部,　,　,　,　,　,　,　,　,　,　,　,　,　,　,　,　,　,　,　,　,　,　,　,　,　,　,　,　,　,　,　,　,　,,参加する,利用しない,17ハガキ
参加 ,昭和47年1972年22回卒 ,弓道部 , , , , , , , , ,● , , , , , , , , , , , , , , , , , , , , , , , , ,オンライン決済,参加しない ,利用しない ,2026-04-13 12:20:53
参加,昭和48年1973年23回卒,,　,　,　,　,　,　,　,　,　,　,　,　,　,　,　,　,　,　,　,　,　,　,　,　,　,　,　,　,　,　,　,　,　,,参加しない,利用しない,18ハガキ
参加,昭和48年1973年23回卒,ワンダーフォーゲル部,　,　,　,　,　,　,　,　,　,　,　,　,　,　,　,　,　,　,　,　,　,　,　,　,　,　,　,　,　,　,　,　,　,銀行振込等,参加しない,利用しない,25ハガキ
参加 ,昭和48年1973年23回卒 ,バスケットボール部, , , , , , ,● , , , , , , , , , , , , , , , , , , , , , , , , , , ,銀行振込等,参加しない ,利用しない ,2026-04-07 08:54:21
参加 ,昭和48年1973年23回卒 ,サッカー部 , , , , , , , , , , , ,● , , , , , , , , , , , , , , , , , , , , , ,銀行振込等,参加する ,利用しない ,2026-03-22 12:01:43
参加,昭和49年1974年24回卒,ESS部,　,　,　,　,　,　,　,　,　,　,　,　,　,　,　,　,　,　,　,　,　,　,　,　,　,　,　,　,　,　,　,　,　,,参加しない,利用しない,11ハガキ
参加 ,昭和49年1974年24回卒 ,サッカー部 , , , , , , , , , , , ,● , , , , , , , , , , , , , , , , , , , , , ,オンライン決済,参加する ,利用しない ,2026-03-30 18:48:51
参加 ,昭和49年1974年24回卒 ,野球部 ,● , , , , , , , , , , , , , , , , , , , , , , , , , , , , , , , , ,銀行振込等,参加しない ,利用しない ,2026-05-05 08:35:33
参加 ,昭和49年1974年24回卒 , ,● , , , , , , , , , , , , , , , , , , , , , , , , , , , , , , , , ,オンライン決済,参加する ,利用しない ,2026-04-06 09:01:04
参加 ,昭和50年1975年25回卒 ,水泳部 , , , , , , , , , , , , ,● , , , , , , , , , , , , , , , , , , , , ,オンライン決済,参加する ,利用する ,2026-03-22 10:11:44
参加 ,昭和50年1975年25回卒 ,ホッケー部, , ,● , , , , , , , , , , , , , , , , , , , , , , , , , , , , , , ,オンライン決済,参加しない ,利用しない ,2026-05-07 16:05:29
参加,昭和52年1977年27回卒,,　,　,　,　,　,　,　,　,　,　,　,　,　,　,　,　,　,　,　,　,　,　,　,　,　,　,　,　,　,　,　,　,　,,参加しない,利用しない,6ハガキ
参加 ,昭和52年1977年27回卒 ,テニス部, , , , ,● , , , , , , , , , , , , , , , , , , , , , , , , , , , , ,オンライン決済,参加しない ,利用する ,2026-04-06 08:27:53
参加 ,昭和52年1977年27回卒 ,バスケットボール部 , , , , , , ,● , , , , , , , , , , , , , , , , , , , , , , , , , , ,銀行振込等,参加しない ,利用しない ,2026-04-01 13:46:42
参加 ,昭和55年1980年30回卒 ,ラグビー部 , , , ,● , , , , , , , , , , , , , , , , , , , , , , , , , , , , , ,銀行振込等,参加しない ,利用しない ,2026-05-05 13:57:54
参加 ,昭和55年1980年30回卒 ,帰宅部 , , , , , , , , , , , ,● , , , , , , , , , , , , , , , , , , , , , ,銀行振込等,参加する ,利用しない ,2026-03-30 13:57:00
参加 ,昭和55年1980年30回卒 , , , , ,● , , , , , , , , , , , , , , , , , , , , , , , , , , , , , ,オンライン決済,参加しない ,利用しない ,2026-05-09 13:21:53
参加 ,昭和55年1980年30回卒 ,スキー部 , , , , ,● , , , , , , , , , , , , , , , , , , , , , , , , , , , , ,銀行振込等,参加しない ,利用しない ,2026-04-30 02:29:43
参加 ,昭和55年1980年30回卒 ,柔道部, , , , , ,● , , , , , , , , , , , , , , , , , , , , , , , , , , , ,銀行振込等,参加しない ,利用しない ,2026-04-15 10:17:31
参加 ,昭和56年1981年31回卒 ,ラグビー部, , , ,● , , , , , , , , , , , , , , , , , , , , , , , , , , , , , ,銀行振込等,参加しない ,利用しない ,2026-03-23 16:58:46
参加 ,昭和56年1981年31回卒 ,グリー部, , , , , , , , , , , , , , , , , , , , , , ,● , , , , , , , , , , ,銀行振込等,参加しない ,利用する ,2026-03-17 23:04:26
参加 ,昭和56年1981年31回卒,ESS部, , , , , , , , , , , , , , , , , , , , , , ,● , , , , , , , , , , ,オンライン決済,参加する ,利用しない ,2026-03-18 11:08:59
参加,昭和57年1982年32回卒,,　,　,　,　,　,　,　,　,　,　,　,　,　,　,　,　,　,　,　,　,　,　,　,　,　,　,　,　,　,　,　,　,　,,参加しない,利用しない,16ハガキ
参加 ,昭和57年1982年32回卒 ,応援団 , , , , , , , , , , , , , , , , , , , , , , , , , , , , , , , ,● , ,オンライン決済,参加しない ,利用する ,2026-03-21 01:18:28
参加 ,昭和59年1984年34回卒 ,陸上部, , , , , , , , , , , , , , , , , , , , , , , , , ,● , , , , , , , ,オンライン決済,参加しない ,利用しない ,2026-05-03 22:44:27
参加,昭和60年1985年35回卒,陸上部,　,　,　,　,　,　,　,　,　,　,　,　,　,　,　,　,　,　,　,　,　,　,　,　,　,　,　,　,　,　,　,　,　,,参加しない,利用しない,13ハガキ
参加 ,昭和60年1985年35回卒 ,写真部 , , , , , , , , , , , , , , , , , , , , , , , , , , , , , , , , ,● ,オンライン決済,参加する ,利用しない ,2026-03-23 17:03:56
参加,昭和60年1985年35回卒,新聞委員会,　,　,　,　,　,　,　,　,　,　,　,　,　,　,　,　,　,　,　,　,　,　,　,　,　,　,　,　,　,　,　,　,　,,参加しない,利用する,22ハガキ
参加 ,昭和60年1985年35回卒 ,物理研究部, , , , , , , , , , , , , , , , , , , ,● , , , , , , , , , , , , , ,オンライン決済,参加する ,利用しない ,2026-04-04 11:44:06
参加 ,昭和60年1985年35回卒 ,バスケットボール部 , , , , , , ,● , , , , , , , , , , , , , , , , , , , , , , , , , , ,オンライン決済,参加しない ,利用しない ,2026-04-28 10:15:30
参加 ,昭和60年1985年35回卒 ,ラグビー部 , , , ,● , , , , , , , , , , , , , , , , , , , , , , , , , , , , , ,オンライン決済,参加しない ,利用しない ,2026-05-10 17:32:29
参加 ,昭和60年1985年35回卒 , , , , ,● , , , , , , , , , , , , , , , , , , , , , , , , , , , , , ,オンライン決済,参加しない ,利用しない ,2026-03-27 16:05:16
参加 ,昭和61年1986年36回卒 ,ワンダーフォーゲル部, , , , , , , , , , , , , , , , , , , , , ,● , , , , , , , , , , , ,オンライン決済,参加しない ,利用しない ,2026-04-14 13:02:10
参加 ,昭和61年1986年36回卒 ,グリー部,● , , , , , , , , , , , , , , , , , , , , , , , , , , , , , , , , ,オンライン決済,参加する ,利用しない ,2026-04-30 17:57:01
参加 ,昭和61年1986年36回卒 ,グリー部, , , , , , , , , , , , , , , , , , , , , , ,● , , , , , , , , , , ,オンライン決済,参加しない ,利用しない ,2026-05-09 02:55:38
参加 ,昭和61年1986年36回卒 ,無線部 , , , , , , , , , , , , , , , , , , , , , , , , , , , , , , , , ,● ,オンライン決済,参加しない ,利用しない ,2026-04-05 14:29:04
参加 ,昭和61年1986年36回卒 ,新聞委員会, , , , , , , , , , , , , , , , , , , , , , ,● , , , , , , , , , , ,オンライン決済,参加する ,利用しない ,2026-03-10 20:24:03
参加 ,昭和61年1986年36回卒 ,卓球部, , , , , , , , , , , , , , , , , , ,● , , , , , , , , , , , , , , ,オンライン決済,参加しない ,利用しない ,2026-03-23 21:22:44
参加 ,昭和61年1986年36回卒 ,無線部, , , , , , , , , ,● , , , , , , , , , , , , , , , , , , , , , , , ,オンライン決済,参加しない ,利用する ,2026-03-11 10:09:19
参加 ,昭和61年1986年36回卒 ,テニス部, , , , , , , , , , , , , , , , , , , , , , ,● , , , , , , , , , , ,オンライン決済,参加しない ,利用しない ,2026-04-21 20:21:42
参加 ,昭和61年1986年36回卒 ,化学研究部 , , , , ,● , , , , , , , , , , , , , , , , , , , , , , , , , , , , ,オンライン決済,参加しない ,利用しない ,2026-05-09 18:38:19
参加 ,昭和61年1986年36回卒 ,アーチェリー部 , , , , , , , , , , , , , , , , , , , , , , , , , , ,● , , , , , , ,オンライン決済,参加する ,利用しない ,2026-03-16 13:21:07
参加 ,昭和61年1986年36回卒 ,テニス部, , , , ,● , , , , , , , , , , , , , , , , , , , , , , , , , , , , ,オンライン決済,参加しない ,利用しない ,2026-03-23 21:13:52
参加,昭和61年1986年36回卒,グリー部,　,　,　,　,　,　,　,　,　,　,　,　,　,　,　,　,　,　,　,　,　,　,　,　,　,　,　,　,　,　,　,　,　,,参加しない,利用しない,5ハガキ
参加 ,昭和61年1986年36回卒 ,野球部 ,● , , , , , , , , , , , , , , , , , , , , , , , , , , , , , , , , ,銀行振込等,参加しない ,利用しない ,2026-04-02 10:41:30
参加 ,昭和62年1987年37回卒 ,バスケットボール部 ,● , , , , , , , , , , , , , , , , , , , , , , , , , , , , , , , , ,銀行振込等,参加しない ,利用しない ,2026-04-02 17:33:50
参加 ,昭和62年1987年37回卒 ,バスケットボール部 , , , , , , ,● , , , , , , , , , , , , , , , , , , , , , , , , , , ,オンライン決済,参加しない ,利用しない ,2026-04-01 08:23:52
参加 ,昭和62年1987年37回卒 , , , , , , , , , , , , , , , , , , , , , , , , , , , , , , , , , ,● ,銀行振込等,参加しない ,利用しない ,2026-05-07 20:46:42
参加 ,昭和62年1987年37回卒 , , , , , , , , , , , , , , ,● , , , , , , , , , , , , , , , , , , , ,銀行振込等,参加しない ,利用しない ,2026-05-08 09:29:20
参加 ,昭和62年1987年37回卒 ,バスケットボール部, , , , , , ,● , , , , , , , , , , , , , , , , , , , , , , , , , , ,オンライン決済,参加しない ,利用しない ,2026-03-24 13:46:46
参加 ,昭和62年1987年37回卒 ,野球部 ,● , , , , , , , , , , , , , , , , , , , , , , , , , , , , , , , , ,オンライン決済,参加しない ,利用しない ,2026-05-06 19:14:46
参加,昭和62年1987年37回卒,弓道部,　,　,　,　,　,　,　,　,　,　,　,　,　,　,　,　,　,　,　,　,　,　,　,　,　,　,　,　,　,　,　,　,　,,参加しない,利用しない,23ハガキ
参加 ,昭和63年1988年38回卒 ,アーチェリー部 , , , , , , , , , , , , , , ,● , , , , , , , , , , , , , , , , , , ,オンライン決済,参加しない ,利用しない ,2026-04-28 11:36:21
参加 ,昭和63年1988年38回卒 ,サッカー部 , , , , , , , , , , , ,● , , , , , , , , , , , , , , , , , , , , , ,オンライン決済,参加しない ,利用しない ,2026-03-23 11:44:26
参加 ,昭和63年1988年38回卒 ,野球部 ,● , , , , , , , , , , , , , , , , , , , , , , , , , , , , , , , , ,オンライン決済,参加しない ,利用しない ,2026-04-14 21:10:46
参加 ,昭和63年1988年38回卒 ,サッカー部 , , , , , , , , , , , , , , , , , , , , , , , , , , , , , , ,● , , ,オンライン決済,参加しない ,利用しない ,2026-04-28 09:41:22
参加 ,平成1年1989年39回卒 ,バレーボール部, , , , , , , , , , , , , , , , ,● , , , , , , , , , , , , , , , , ,オンライン決済,参加しない ,利用しない ,2026-05-10 13:00:30
参加 ,平成1年1989年39回卒 ,バスケットボール部 , , , , , , ,● , , , , , , , , , , , , , , , , , , , , , , , , , , ,銀行振込等,参加しない ,利用しない ,2026-03-11 07:28:06
参加 ,平成1年1989年39回卒 ,水泳部 , , , , , , , , , , , , ,● , , , , , , , , , , , , , , , , , , , , ,銀行振込等,参加しない ,利用しない ,2026-05-08 13:22:43
参加 ,平成1年1989年39回卒 ,無し , , , , , , , , , , , , , , , , , , , , , , , , , , , , ,● , , , , ,オンライン決済,参加する ,利用しない ,2026-05-10 20:00:16
参加 ,平成1年1989年39回卒 ,新聞委員会 , , , , , , , ,● , , , , , , , , , , , , , , , , , , , , , , , , , ,銀行振込等,参加しない ,利用しない ,2026-05-05 17:17:41
参加 ,平成2年1990年40回卒 ,プラスアンサンブル部 , , , , , , , , , , , , , , , , , , , , , , ,● , , , , , , , , , , ,オンライン決済,参加しない ,利用する ,2026-04-14 15:23:34
参加 ,平成2年1990年40回卒 ,ブラスアンサンブル部 , , , , , , ,● , , , , , , , , , , , , , , , , , , , , , , , , , , ,オンライン決済,参加しない ,利用しない ,2026-05-02 21:31:04
参加 ,平成2年1990年40回卒 ,野球部 , , , , , , , , , , , , , , , , , , , , , , ,● , , , , , , , , , , ,銀行振込等,参加する ,利用しない ,2026-05-02 11:13:31
参加 ,平成2年1990年40回卒 , , , , , , , , , ,● , , , , , , , , , , , , , , , , , , , , , , , , ,オンライン決済,参加する ,利用しない ,2026-03-17 11:03:19
参加 ,平成3年1991年41回卒 ,バスケットボール部 , , , , , , ,● , , , , , , , , , , , , , , , , , , , , , , , , , , ,銀行振込等,参加しない ,利用しない ,2026-03-31 08:32:46
参加 ,平成3年1991年41回卒 ,陸上部, , ,● , , , , , , , , , , , , , , , , , , , , , , , , , , , , , , ,オンライン決済,参加する ,利用しない ,2026-04-17 16:13:15
参加 ,平成3年1991年41回卒 ,バスケットボール部 , , , , , , ,● , , , , , , , , , , , , , , , , , , , , , , , , , , ,オンライン決済,参加する ,利用しない ,2026-04-04 07:29:55
参加 ,平成3年1991年41回卒 ,サッカー部 , , , , , , , , , , , ,● , , , , , , , , , , , , , , , , , , , , , ,オンライン決済,参加しない ,利用しない ,2026-03-18 16:22:14
参加 ,平成3年1991年41回卒 ,バスケットボール部 , , , , , , ,● , , , , , , , , , , , , , , , , , , , , , , , , , , ,オンライン決済,参加しない ,利用しない ,2026-05-10 09:05:42
参加 ,平成3年1991年41回卒 ,テニス部 , , , , ,● , , , , , , , , , , , , , , , , , , , , , , , , , , , , ,オンライン決済,参加する ,利用しない ,2026-05-01 10:17:19
参加 ,平成3年1991年41回卒 ,野球部 , , , , , , , , , , , , , , , ,● , , , , , , , , , , , , , , , , , ,オンライン決済,参加する ,利用しない ,2026-04-09 13:16:33
参加 ,平成3年1991年41回卒 ,剣道部 , , , , , , , ,● , , , , , , , , , , , , , , , , , , , , , , , , , ,銀行振込等,参加しない ,利用しない ,2026-03-17 17:02:17
参加 ,平成3年1991年41回卒 , , , , , , , , , , , , , , , , , , , , , , , , , , , , , , ,● , , , ,銀行振込等,参加しない ,利用しない ,2026-04-14 16:36:45
参加 ,平成3年1991年41回卒 ,鉄道研究部 , , , , , , , , , , , , , , , , , , , , , , , , ,● , , , , , , , , ,オンライン決済,参加しない ,利用しない ,2026-04-20 10:21:48
参加 ,平成3年1991年41回卒 ,バスケットボール部 , , , , , , ,● , , , , , , , , , , , , , , , , , , , , , , , , , , ,オンライン決済,参加しない ,利用しない ,2026-04-23 01:04:58
参加 ,平成4年1992年42回卒 ,バスケットボール部 , , , , , , ,● , , , , , , , , , , , , , , , , , , , , , , , , , , ,銀行振込等,参加する ,利用する ,2026-04-15 12:27:58
参加 ,平成4年1992年42回卒 ,卓球部, , , , , , , , , , , , , , , , , , , , , , ,● , , , , , , , , , , ,オンライン決済,参加しない ,利用しない ,2026-04-02 09:53:42
参加 ,平成4年1992年42回卒 ,プラスアンサンブル部 , , , , , , , , , , , , , , , , , , , , , , ,● , , , , , , , , , , ,オンライン決済,参加しない ,利用しない ,2026-04-20 10:06:28
参加 ,平成4年1992年42回卒 , , , , , , , , , , , , , ,● , , , , , , , , , , , , , , , , , , , , ,オンライン決済,参加しない ,利用しない ,2026-04-18 18:54:27
参加 ,平成4年1992年42回卒 ,テニス部 , , , , ,● , , , , , , , , , , , , , , , , , , , , , , , , , , , , ,オンライン決済,参加しない ,利用しない ,2026-05-05 08:47:40
参加 ,平成4年1992年42回卒 ,ラグビー部, , , ,● , , , , , , , , , , , , , , , , , , , , , , , , , , , , , ,オンライン決済,参加しない ,利用しない ,2026-03-18 19:11:31
参加 ,平成4年1992年42回卒 , , , , , , , , , , ,● , , , , , , , , , , , , , , , , , , , , , , , ,銀行振込等,参加しない ,利用しない ,2026-03-17 16:13:16
参加 ,平成4年1992年42回卒 ,応援団 , , , , , , , , , , , , , , , , , , , , , , , , , , , , , , , ,● , ,オンライン決済,参加しない ,利用しない ,2026-04-27 17:40:06
参加 ,平成4年1992年42回卒 ,ラグビー部, , , ,● , , , , , , , , , , , , , , , , , , , , , , , , , , , , , ,オンライン決済,参加しない ,利用しない ,2026-04-15 11:44:58
参加 ,平成4年1992年42回卒 ,バスケットボール部, , , , , , ,● , , , , , , , , , , , , , , , , , , , , , , , , , , ,銀行振込等,参加しない ,利用しない ,2026-03-23 09:04:01
参加 ,平成4年1992年42回卒 ,剣道部 , , , , , , , ,● , , , , , , , , , , , , , , , , , , , , , , , , , ,オンライン決済,参加しない ,利用しない ,2026-05-02 19:26:23
参加 ,平成4年1992年42回卒 ,サッカー部 , , , , , , , , , , , ,● , , , , , , , , , , , , , , , , , , , , , ,オンライン決済,参加しない ,利用する ,2026-05-07 15:51:55
参加 ,平成5年1993年43回卒 ,卓球部 , ,● , , , , , , , , , , , , , , , , , , , , , , , , , , , , , , , ,オンライン決済,参加しない ,利用しない ,2026-05-03 18:11:52
参加 ,平成5年1993年43回卒 , , , , , , , , , , , , , , , , , , , , , , , ,● , , , , , , , , , , ,オンライン決済,参加しない ,利用しない ,2026-03-19 12:24:30
参加 ,平成5年1993年43回卒 ,文芸部 , , , , ,● , , , , , , , , , , , , , , , , , , , , , , , , , , , , ,オンライン決済,参加しない ,利用しない ,2026-03-31 10:31:45
参加 ,平成5年1993年43回卒 ,サッカー部 , , , , , , , , , , , ,● , , , , , , , , , , , , , , , , , , , , , ,オンライン決済,参加しない ,利用しない ,2026-03-31 12:05:30
参加 ,平成5年1993年43回卒 , , , , , ,● , , , , , , , , , , , , , , , , , , , , , , , , , , , , ,オンライン決済,参加しない ,利用しない ,2026-03-29 17:04:48
参加 ,平成5年1993年43回卒 , , , , , , , , , , , , , , , , ,● , , , , , , , , , , , , , , , , , ,オンライン決済,参加しない ,利用しない ,2026-04-25 18:38:26
参加 ,平成5年1993年43回卒 ,ラグビー部 , , , ,● , , , , , , , , , , , , , , , , , , , , , , , , , , , , , ,オンライン決済,参加する ,利用しない ,2026-03-19 20:53:39
参加 ,平成5年1993年43回卒 ,バスケットボール部 , , , , , , ,● , , , , , , , , , , , , , , , , , , , , , , , , , , ,オンライン決済,参加しない ,利用しない ,2026-04-14 21:52:02
参加 ,平成5年1993年43回卒 ,応援団, , , , , , , , , , , , , , , , , , ,● , , , , , , , , , , , , , , ,オンライン決済,参加しない ,利用しない ,2026-03-29 13:56:56
参加 ,平成5年1993年43回卒 ,バスケットボール部 , , , , , , ,● , , , , , , , , , , , , , , , , , , , , , , , , , , ,オンライン決済,参加しない ,利用しない ,2026-03-24 09:26:28
参加 ,平成5年1993年43回卒 , , , , ,● , , , , , , , , , , , , , , , , , , , , , , , , , , , , , ,オンライン決済,参加しない ,利用しない ,2026-03-19 13:18:06
参加 ,平成5年1993年43回卒 ,生物研究部 , , , , , , , , , , , , , , , , , , ,● , , , , , , , , , , , , , , ,オンライン決済,参加する ,利用しない ,2026-04-12 11:14:34
参加 ,平成5年1993年43回卒 ,バスケットボール部 , , , , , , ,● , , , , , , , , , , , , , , , , , , , , , , , , , , ,オンライン決済,参加しない ,利用しない ,2026-03-22 22:16:53
参加 ,平成5年1993年43回卒 ,馬術部 , , , , , , , , , , ,● , , , , , , , , , , , , , , , , , , , , , , ,オンライン決済,参加しない ,利用しない ,2026-03-22 22:55:00
参加 ,平成5年1993年43回卒 ,バスケットボール部, , , , , , ,● , , , , , , , , , , , , , , , , , , , , , , , , , , ,オンライン決済,参加しない ,利用しない ,2026-04-06 14:24:59
参加 ,平成5年1993年43回卒 ,サッカー部 , , , , , , , , , , , ,● , , , , , , , , , , , , , , , , , , , , , ,オンライン決済,参加しない ,利用しない ,2026-03-26 11:27:08
参加 ,平成5年1993年43回卒 ,体操部, , , , , , , , , , , , , , , , , , , , , , ,● , , , , , , , , , , ,オンライン決済,参加しない ,利用しない ,2026-03-23 21:02:38
参加 ,平成5年1993年43回卒 , , , , , , , , , , , , , , , , , , , , , , , , , , , , , , , , , ,● ,オンライン決済,参加しない ,利用しない ,2026-03-21 18:30:05
参加 ,平成5年1993年43回卒 , , , , , , , , , , , , ,● , , , , , , , , , , , , , , , , , , , , , ,オンライン決済,参加しない ,利用しない ,2026-03-17 16:35:06
参加 ,平成5年1993年43回卒 ,ブラスアンサンブル部 , , , , , , , , , , , , , , , , , , , , , , ,● , , , , , , , , , , ,オンライン決済,参加しない ,利用しない ,2026-04-30 01:54:06
参加 ,平成5年1993年43回卒 ,新聞委員会, , , , , , , , , , , , ,● , , , , , , , , , , , , , , , , , , , , ,銀行振込等,参加しない ,利用しない ,2026-05-10 09:19:48
参加 ,平成5年1993年43回卒 , , , , , , , , , , , , , ,● , , , , , , , , , , , , , , , , , , , , ,オンライン決済,参加しない ,利用しない ,2026-04-04 21:23:34
参加 ,平成5年1993年43回卒 ,美術部 , , , , , , , , , , , , , , , , , , , , , , , ,● , , , , , , , , , ,オンライン決済,参加しない ,利用しない ,2026-04-05 01:20:42
参加 ,平成5年1993年43回卒 ,新聞委員会, , , , , , , , , , , , , , , , , , , ,● , , , , , , , , , , , , , ,オンライン決済,参加しない ,利用しない ,2026-03-23 08:45:43
参加 ,平成5年1993年43回卒 , ,● , , , , , , , , , , , , , , , , , , , , , , , , , , , , , , , , ,オンライン決済,参加しない ,利用しない ,2026-03-24 12:57:12
参加 ,平成5年1993年43回卒 ,陸上部 , , ,● , , , , , , , , , , , , , , , , , , , , , , , , , , , , , , ,オンライン決済,参加しない ,利用しない ,2026-04-14 14:58:03
参加 ,平成5年1993年43回卒 ,陸上部 , , ,● , , , , , , , , , , , , , , , , , , , , , , , , , , , , , , ,オンライン決済,参加しない ,利用しない ,2026-03-27 14:43:56
参加 ,平成5年1993年43回卒 ,ホッケー部 , , , , , , , , , ,● , , , , , , , , , , , , , , , , , , , , , , , ,オンライン決済,参加しない ,利用しない ,2026-03-23 08:18:15
参加 ,平成5年1993年43回卒 , , , , , , , , , , , , , , , , , , , , , , , , , , , , , , , , , ,● ,オンライン決済,参加しない ,利用しない ,2026-04-01 13:41:45
参加 ,平成5年1993年43回卒 ,野球部 ,● , , , , , , , , , , , , , , , , , , , , , , , , , , , , , , , , ,オンライン決済,参加しない ,利用しない ,2026-03-30 19:35:35
参加 ,平成5年1993年43回卒 ,弓道部 , , , , , , , , ,● , , , , , , , , , , , , , , , , , , , , , , , , ,オンライン決済,参加する ,利用しない ,2026-03-23 09:20:36
参加 ,平成5年1993年43回卒 ,陸上部 , , ,● , , , , , , , , , , , , , , , , , , , , , , , , , , , , , , ,銀行振込等,参加しない ,利用する ,2026-04-21 00:18:15
参加 ,平成5年1993年43回卒 ,サッカー部 , , , , , , , , , , , ,● , , , , , , , , , , , , , , , , , , , , , ,オンライン決済,参加しない ,利用しない ,2026-04-18 05:59:22
参加 ,平成5年1993年43回卒 ,応援団 , , , , , , , , , , , , , , , ,● , , , , , , , , , , , , , , , , , ,銀行振込等,参加しない ,利用する ,2026-05-04 10:35:53
参加 ,平成5年1993年43回卒 ,応援団 , , , , , , , , , , , , , , , , , , , , , , , , , , , , , , , ,● , ,オンライン決済,参加しない ,利用しない ,2026-04-14 16:21:18
参加 ,平成5年1993年43回卒 ,ラグビー部 , , , ,● , , , , , , , , , , , , , , , , , , , , , , , , , , , , , ,オンライン決済,参加しない ,利用しない ,2026-04-19 13:16:41
参加 ,平成5年1993年43回卒 , , , , , , , , , , , , , , , , , , , , , , , , , , , , , ,● , , , , ,オンライン決済,参加する ,利用する ,2026-04-04 08:22:58
参加 ,平成5年1993年43回卒 ,バスケットボール部, , , , , , ,● , , , , , , , , , , , , , , , , , , , , , , , , , , ,オンライン決済,参加する ,利用しない ,2026-04-07 21:41:39
参加,平成5年1993年43回卒,バトミントン部,　,　,　,　,　,　,　,　,　,　,　,　,　,　,　,　,　,　,　,　,　,　,　,　,　,　,　,　,　,　,　,　,　,,参加しない,利用しない,14ハガキ
参加 ,平成5年1993年43回卒 ,弓道部 , , , , , , , , ,● , , , , , , , , , , , , , , , , , , , , , , , , ,銀行振込等,参加しない ,利用しない ,2026-04-09 17:18:13
参加 ,平成5年1993年43回卒 , , , , , , , , , , , , , ,● , , , , , , , , , , , , , , , , , , , , ,オンライン決済,参加する ,利用する ,2026-04-04 20:24:45
参加 ,平成6年1994年44回卒 ,バスケットボール部, , ,● , , , , , , , , , , , , , , , , , , , , , , , , , , , , , , ,オンライン決済,参加しない ,利用する ,2026-04-30 12:43:56
参加 ,平成6年1994年44回卒 ,物理研究部 , , , , , , , , , , , , , , , , , , , ,● , , , , , , , , , , , , , ,オンライン決済,参加しない ,利用しない ,2026-04-23 20:59:30
参加 ,平成6年1994年44回卒 ,テニス部 , , , , ,● , , , , , , , , , , , , , , , , , , , , , , , , , , , , ,オンライン決済,参加しない ,利用しない ,2026-04-28 21:42:15
参加 ,平成6年1994年44回卒 ,バレーボール部 , , , , , , , , , , , , , , , , ,● , , , , , , , , , , , , , , , , ,オンライン決済,参加しない ,利用しない ,2026-03-30 00:46:59
参加 ,平成6年1994年44回卒 ,サッカー部 , , , , , , , , , , , ,● , , , , , , , , , , , , , , , , , , , , , ,オンライン決済,参加しない ,利用しない ,2026-04-02 23:41:59
参加 ,平成6年1994年44回卒 ,ラグビー部 , , , ,● , , , , , , , , , , , , , , , , , , , , , , , , , , , , , ,オンライン決済,参加しない ,利用しない ,2026-05-10 12:14:54
参加 ,平成6年1994年44回卒 ,野球部 ,● , , , , , , , , , , , , , , , , , , , , , , , , , , , , , , , , ,オンライン決済,参加しない ,利用しない ,2026-03-19 16:11:01
参加 ,平成6年1994年44回卒 ,テニス部 , , , , ,● , , , , , , , , , , , , , , , , , , , , , , , , , , , , ,オンライン決済,参加しない ,利用しない ,2026-05-06 10:58:24
参加 ,平成6年1994年44回卒 ,弓道部 , , , , , , , , ,● , , , , , , , , , , , , , , , , , , , , , , , , ,銀行振込等,参加しない ,利用しない ,2026-04-26 20:09:13
参加 ,平成6年1994年44回卒 ,ボードセイリング部 , , , , , , , , , ,● , , , , , , , , , , , , , , , , , , , , , , , ,銀行振込等,参加しない ,利用しない ,2026-04-06 23:45:40
参加 ,平成6年1994年44回卒 ,バレーボール部 , , , , , , , , , , , , , , , , ,● , , , , , , , , , , , , , , , , ,オンライン決済,参加しない ,利用しない ,2026-03-20 08:37:12
参加 ,平成6年1994年44回卒 , , , , , , , , , , , , , , , , , , , , ,● , , , , , , , , , , , , , ,オンライン決済,参加しない ,利用しない ,2026-05-05 10:20:13
参加 ,平成6年1994年44回卒 ,バスケットボール部 , , , , , , ,● , , , , , , , , , , , , , , , , , , , , , , , , , , ,オンライン決済,参加しない ,利用しない ,2026-04-16 16:33:41
参加 ,平成6年1994年44回卒 ,柔道部 , , , , , ,● , , , , , , , , , , , , , , , , , , , , , , , , , , , ,オンライン決済,参加する ,利用しない ,2026-05-01 11:18:54
参加 ,平成7年1995年45回卒 ,体操部, , , , , , , , , , , , , , , , , , , , , , , , , , , , , , , , ,● ,オンライン決済,参加しない ,利用しない ,2026-04-22 17:15:40
参加 ,平成7年1995年45回卒 ,弓道部 , , , , , , ,● , , , , , , , , , , , , , , , , , , , , , , , , , , ,オンライン決済,参加しない ,利用しない ,2026-04-01 12:20:00
参加 ,平成7年1995年45回卒 ,弓道部 , , , , , , , , ,● , , , , , , , , , , , , , , , , , , , , , , , , ,銀行振込等,参加しない ,利用しない ,2026-04-04 11:22:27
参加 ,平成9年1997年47回卒 ,バスケットボール部 , , , , , , ,● , , , , , , , , , , , , , , , , , , , , , , , , , , ,オンライン決済,参加しない ,利用する ,2026-04-18 14:43:59
参加 ,平成9年1997年47回卒 ,陸上競技部 , , ,● , , , , , , , , , , , , , , , , , , , , , , , , , , , , , , ,オンライン決済,参加する ,利用しない ,2026-04-16 10:53:05
参加 ,平成9年1997年47回卒 ,サッカー部 , , , , , , , , , , , ,● , , , , , , , , , , , , , , , , , , , , , ,オンライン決済,参加しない ,利用しない ,2026-04-25 21:42:37
参加 ,平成9年1997年47回卒 ,ホッケー部, , , , , , , , , ,● , , , , , , , , , , , , , , , , , , , , , , , ,オンライン決済,参加する ,利用しない ,2026-03-25 13:39:46
参加 ,平成9年1997年47回卒 ,卓球部 , ,● , , , , , , , , , , , , , , , , , , , , , , , , , , , , , , , ,オンライン決済,参加する ,利用しない ,2026-05-08 12:10:10
参加 ,平成10年1998年48回卒 ,サッカー部 , , , , , , , , , , , ,● , , , , , , , , , , , , , , , , , , , , , ,銀行振込等,参加しない ,利用しない ,2026-05-01 12:45:24
参加 ,平成11年1999年49回卒 ,放送部, , , , , , , , , , , , , , , , , , , , , , , , , , , , ,● , , , , ,オンライン決済,参加しない ,利用しない ,2026-05-08 11:32:56
参加 ,平成11年1999年49回卒 ,バスケットボール部 , , , , , , ,● , , , , , , , , , , , , , , , , , , , , , , , , , , ,オンライン決済,参加しない ,利用しない ,2026-05-09 10:31:45
参加 ,平成13年2001年51回卒 ,バスケットボール部 , , , , , , ,● , , , , , , , , , , , , , , , , , , , , , , , , , , ,オンライン決済,参加しない ,利用しない ,2026-04-24 21:18:36
参加 ,平成13年2001年51回卒 ,サッカー部 , , , , , , , , , , , ,● , , , , , , , , , , , , , , , , , , , , , ,オンライン決済,参加しない ,利用しない ,2026-04-22 20:39:17
参加 ,平成13年2001年51回卒 ,ラグビー部 , , , ,● , , , , , , , , , , , , , , , , , , , , , , , , , , , , , ,オンライン決済,参加しない ,利用しない ,2026-04-06 07:56:40
参加 ,平成13年2001年51回卒 ,サッカー部 , , , , , , , , , , , ,● , , , , , , , , , , , , , , , , , , , , , ,オンライン決済,参加しない ,利用しない ,2026-04-23 21:53:31
参加 ,平成14年2002年52回卒,ゴルフ部 , , , , , , , , , , , , , , , ,● , , , , , , , , , , , , , , , , , ,オンライン決済,参加しない ,利用しない ,2026-03-30 19:21:49
参加 ,平成14年2002年52回卒 ,サッカー部 , , , , , , , , , , , , , , , ,● , , , , , , , , , , , , , , , , , ,オンライン決済,参加しない ,利用しない ,2026-04-28 20:54:23
参加 ,平成15年2003年53回卒 ,ラグビー部 , , , ,● , , , , , , , , , , , , , , , , , , , , , , , , , , , , , ,オンライン決済,参加しない ,利用する ,2026-03-22 13:05:49
参加 ,平成17年2005年55回卒 ,サッカー部 , , , , , , , , , , , ,● , , , , , , , , , , , , , , , , , , , , , ,オンライン決済,参加しない ,利用しない ,2026-05-06 23:21:44
参加 ,平成17年2005年55回卒 ,サッカー部 , , , , , , , , , , , ,● , , , , , , , , , , , , , , , , , , , , , ,オンライン決済,参加しない ,利用しない ,2026-03-20 16:37:22
参加 ,平成17年2005年55回卒, , , , ,● , , , , , , , , , , , , , , , , , , , , , , , , , , , , , ,オンライン決済,参加しない ,利用しない ,2026-04-24 09:48:38
参加 ,平成18年2006年56回卒 ,応援団 , , , , , , , , , , , , , , , , , , , , , , , , , , , , , , , ,● , ,銀行振込等,参加しない ,利用しない ,2026-04-14 13:16:36
参加 ,平成18年2006年56回卒 , , , , , , , , , , , , , , , , , , , ,● , , , , , , , , , , , , , , ,オンライン決済,参加しない ,利用しない ,2026-04-29 20:05:25
参加 ,平成20年2008年58回卒 ,テニス部, , , , ,● , , , , , , , , , , , , , , , , , , , , , , , , , , , , ,オンライン決済,参加しない ,利用しない ,2026-04-12 22:09:59
参加 ,平成23年2011年61回卒 ,テニス部, , , , ,● , , , , , , , , , , , , , , , , , , , , , , , , , , , , ,オンライン決済,参加しない ,利用しない ,2026-05-09 14:25:45
参加 ,平成24年2012年62回卒 ,ブラスアンサンブル部, , , , , , , , , , , , , , , , , , , , , , ,● , , , , , , , , , , ,オンライン決済,参加しない ,利用しない ,2026-03-27 08:59:01
参加 ,平成26年2014年64回卒 ,柔道部 , , , , , ,● , , , , , , , , , , , , , , , , , , , , , , , , , , , ,オンライン決済,参加しない ,利用しない ,2026-04-06 11:46:28
参加 ,平成27年2015年65回卒 ,バドミントン部 ,● , , , , , , , , , , , , , , , , , , , , , , , , , , , , , , , , ,銀行振込等,参加しない ,利用しない ,2026-05-01 09:39:32
参加 ,平成28年2016年66回卒 ,サッカー部 , , , , , , , , , , , ,● , , , , , , , , , , , , , , , , , , , , , ,オンライン決済,参加しない ,利用しない ,2026-05-09 09:59:22
参加 ,平成28年2016年66回卒 , , , , , , , , , , , , , , , , ,● , , , , , , , , , , , , , , , , , ,オンライン決済,参加しない ,利用しない ,2026-04-22 17:02:45
参加 ,平成28年2016年66回卒 ,サッカー部 , , , , , , , , , , , ,● , , , , , , , , , , , , , , , , , , , , , ,オンライン決済,参加しない ,利用する ,2026-05-08 13:17:25
参加 ,平成30年2018年68回卒 ,柔道部 , , , , , ,● , , , , , , , , , , , , , , , , , , , , , , , , , , , ,オンライン決済,参加しない ,利用しない ,2026-05-09 13:47:20
参加 ,平成31年2019年69回卒 ,サッカー部 , , , , , , , , , , , ,● , , , , , , , , , , , , , , , , , , , , , ,銀行振込等,参加しない ,利用しない ,2026-05-10 15:15:55
参加 ,平成31年2019年69回卒 ,放送部 , , , , , , , , , , , , , , , , , , , , , , , , , , , , ,● , , , , ,オンライン決済,参加しない ,利用しない ,2026-04-04 08:16:48
参加 ,令和2年2020年70回卒 , , , , , , , , , , , , ,● , , , , , , , , , , , , , , , , , , , , , ,オンライン決済,参加しない ,利用しない ,2026-05-08 18:22:09
参加 ,令和2年2020年70回卒 ,物理研究部 , , , , , , , , , , , , , , , , , , , ,● , , , , , , , , , , , , , ,オンライン決済,参加しない ,利用する ,2026-05-06 22:02:05
参加 ,令和2年2020年70回卒 , , , , , , , , , , , ,● , , , , , , , , , , , , , , , , , , , , , , ,オンライン決済,参加しない ,利用しない ,2026-04-14 16:31:30
参加 ,令和3年2021年71回卒 ,スキー部 , , , , , , , , , , ,● , , , , , , , , , , , , , , , , , , , , , , ,オンライン決済,参加しない ,利用しない ,2026-05-06 14:38:24
参加 ,令和3年2021年71回卒 ,物理研究部 , , , , , , , , , , , , , , , , , , , ,● , , , , , , , , , , , , , ,オンライン決済,参加する ,利用しない ,2026-05-09 19:45:15
参加 ,令和3年2021年71回卒 ,弓道部, , , , , , , , ,● , , , , , , , , , , , , , , , , , , , , , , , , ,銀行振込等,参加しない ,利用しない ,2026-03-25 22:16:35
参加 ,令和3年2021年71回卒 ,プラスアンサンブル部 , , , , , , , , , , , , , , , , , , , , , , ,● , , , , , , , , , , ,オンライン決済,参加しない ,利用しない ,2026-05-06 14:55:56
参加 ,令和4年2022年72回卒 ,物理研究部 , , , , , , , , , , , , , , , , , , , ,● , , , , , , , , , , , , , ,オンライン決済,参加しない ,利用しない ,2026-04-17 10:27:13
参加 ,令和5年2023年73回卒 ,物理研究部, , , , , , , , , , , , , , , , , , , ,● , , , , , , , , , , , , , ,オンライン決済,参加する ,利用する ,2026-04-29 19:53:14
参加 ,令和6年2024年74回卒 ,鉄道研究部 , , , , , , , , , , , , , , , , , , , , , , , , ,● , , , , , , , , ,銀行振込等,参加しない ,利用しない ,2026-05-03 17:39:30
参加 ,令和6年2024年74回卒 , , , ,● , , , , , , , , , , , , , , , , , , , , , , , , , , , , , , ,銀行振込等,参加しない ,利用しない ,2026-04-23 17:53:04
参加 ,令和8年2026年76回卒 ,物理研究部 , , , , , , , , , , , , ,● , , , , , , , , , , , , , , , , , , , , ,オンライン決済,参加しない ,利用しない ,2026-04-29 22:14:56
参加 ,令和8年2026年76回卒 , , , , , , , , , , , , , , , , , , , , ,● , , , , , , , , , , , , , ,オンライン決済,参加しない ,利用しない ,2026-04-30 18:23:15
参加 ,令和8年2026年76回卒 ,物理研究部 , , , , , , , , , , , , , , , , , , , ,● , , , , , , , , , , , , , ,銀行振込等,参加しない ,利用しない ,2026-03-17 08:42:37
参加 ,令和8年2026年76回卒 ,野球部 ,● , , , , , , , , , , , , , , , , , , , , , , , , , , , , , , , , ,オンライン決済,参加しない ,利用しない ,2026-04-02 23:48:35
参加 ,令和8年2026年76回卒 ,物理研究部 , , , , , , , , , , ,● , , , , , , , , , , , , , , , , , , , , , , ,オンライン決済,参加する ,利用する ,2026-04-29 19:40:16
参加 ,令和8年2026年76回卒 ,生物研究部, , , , , , , , , , , , , , , , , , ,● , , , , , , , , , , , , , , ,オンライン決済,参加しない ,利用しない ,2026-05-09 00:24:19
